{
  "base_demand": {
    "Monsoon": 13024.724357122219,
    "PostMonsoon": 10996.399344262296,
    "PreMonsoon": 12488.281739130434,
    "Winter": 9084.987459978654
  },
  "noise_sd": {
    "Monsoon": 0.12740745117861865,
    "PostMonsoon": 0.16070207249644933,
    "PreMonsoon": 0.1656373186120391,
    "Winter": 0.14302965321928057
  },
  "capacity": {
    "solar": 604.6700000000001,
    "hydro": 217.0,
    "gas": 7541.0,
    "coal": 5230.0,
    "imports": 2394.67,
    "liquid_fuel": 3786.6800000000003
  },
  "avail": {
    "solar": {
      "Winter": 0.6367109332363107,
      "PreMonsoon": 0.7458613789339639,
      "Monsoon": 0.6499412902905717,
      "PostMonsoon": 0.8037441910463557
    },
    "hydro": {
      "Winter": 0.35023041474654376,
      "PreMonsoon": 0.2119815668202765,
      "Monsoon": 0.9861751152073732,
      "PostMonsoon": 0.9907834101382489
    },
    "gas": {
      "Winter": 0.6443442514255404,
      "PreMonsoon": 0.9444503381514389,
      "Monsoon": 0.8148786633072537,
      "PostMonsoon": 0.7017636918180613
    },
    "coal": {
      "Winter": 0.6560803059273423,
      "PreMonsoon": 0.8250669216061186,
      "Monsoon": 0.9497323135755259,
      "PostMonsoon": 0.6305544933078394
    },
    "imports": {
      "Winter": 0.7188046787239996,
      "PreMonsoon": 0.9629719335023197,
      "Monsoon": 0.8351881470098176,
      "PostMonsoon": 0.8468807810679551
    },
    "liquid_fuel": {
      "Winter": 0.4531410100668661,
      "PreMonsoon": 0.7442139288241943,
      "Monsoon": 0.8398121837599163,
      "PostMonsoon": 0.7435537198812682
    }
  },
  "growth": 0.07921075448711012,
  "base_year": 2025,
  "merit_order": [
    "solar",
    "hydro",
    "gas",
    "coal",
    "imports",
    "liquid_fuel"
  ],
  "cost": {
    "solar": 0.0,
    "hydro": 5.0,
    "gas": 45.0,
    "coal": 65.0,
    "imports": 75.0,
    "liquid_fuel": 180.0
  },
  "emis": {
    "solar": 0.0,
    "hydro": 0.0,
    "gas": 0.45,
    "coal": 0.95,
    "imports": 0.5,
    "liquid_fuel": 0.75
  },
  "diurnal": {
    "Winter": [
      0.8975466909616594,
      0.8518981085732148,
      0.8225459152637024,
      0.8002142087414263,
      0.7911710749887803,
      0.8299070272657205,
      0.8883707127202889,
      0.9651997591326468,
      1.0109178518240174,
      1.0076018456449198,
      1.0183834308177613,
      1.0535171615405958,
      1.0778130270107116,
      1.022736103990184,
      1.0048497047156923,
      0.9880560245887269,
      1.014763878717498,
      1.1555653598391569,
      1.2452007145909114,
      1.2287062516771616,
      1.1945747294446474,
      1.1215235368614278,
      1.0390434080868127,
      0.9698934730023382
    ],
    "PreMonsoon": [
      1.0088985930340448,
      0.9797929647068375,
      0.9602388461554793,
      0.9394135849516335,
      0.9029383193783637,
      0.8601045856261033,
      0.8678037088226656,
      0.8788800675136361,
      0.9124958175252009,
      0.9406779152750717,
      0.9653548328663165,
      0.9969622902646628,
      1.0240614589405437,
      1.0179552738793436,
      1.034298657222721,
      1.018031642671885,
      0.9964185460606727,
      0.9571042596357962,
      1.1399053998589752,
      1.1517440031992794,
      1.15242301811804,
      1.1282268183379625,
      1.097568189401124,
      1.0687012065536432
    ],
    "Monsoon": [
      1.0667359940292913,
      1.0418387579737973,
      1.0184511321306264,
      0.9954160353163763,
      0.9689004316056783,
      0.9038622220312,
      0.8771549460930137,
      0.874665567655752,
      0.8997785614581331,
      0.9193660610665956,
      0.9363164209745842,
      0.9616941256153048,
      0.9775923831994474,
      0.9755272650514548,
      0.9941689665844169,
      0.9801144515526476,
      0.9494627797803227,
      0.899569269514718,
      1.1015815506645934,
      1.1358925942440932,
      1.146325043246531,
      1.1372517756003215,
      1.1283401134804734,
      1.1099935511306231
    ],
    "PostMonsoon": [
      0.9895339777386692,
      0.9524510061619477,
      0.9224774371608084,
      0.8973315698649839,
      0.8789635873551637,
      0.8618510868686909,
      0.8638553814683779,
      0.8863876993707213,
      0.9136521416682948,
      0.9334470337712898,
      0.9629996185630536,
      1.004288686918436,
      1.0232060640504799,
      1.0009184256310235,
      1.0108311039538427,
      0.9915213957001062,
      0.9957666034013539,
      1.1407204099695858,
      1.196290216122662,
      1.1847538078604252,
      1.1626554581698139,
      1.1162170559042683,
      1.0746813762673717,
      1.0351988560586267
    ]
  },
  "solar_shape": [
    0.0,
    0.0,
    0.0,
    0.0,
    0.0,
    0.0,
    0.1256235914906903,
    0.35506489780276995,
    0.6099651283805738,
    0.835665052652741,
    0.9505701837074182,
    1.0,
    0.9614239062962437,
    0.841313966963145,
    0.649372780490152,
    0.3859014116772838,
    0.14129831813194793,
    0.0,
    0.0,
    0.0,
    0.0,
    0.0,
    0.0,
    0.0
  ]
}